Designator,PCB footprint,PCB pad,Net,X mm,Y mm,Drill mm,Type
J1,J1,1,3V3,75.0000,100.7000,1.000,PTH
J1,J1,2,3V3,72.4600,100.7000,1.000,PTH
J1,J1,3,NC,69.9200,100.7000,1.000,PTH
J1,J1,4,BUTTON1,67.3800,100.7000,1.000,PTH
J1,J1,5,RECORD,64.8400,100.7000,1.000,PTH
J1,J1,6,BUTTON3,62.3000,100.7000,1.000,PTH
J1,J1,7,BUTTON4,59.7600,100.7000,1.000,PTH
J1,J1,8,RTC_SCL,57.2200,100.7000,1.000,PTH
J1,J1,9,RTC_SDA,54.6800,100.7000,1.000,PTH
J1,J1,10,MIC_SD,52.1400,100.7000,1.000,PTH
J1,J1,11,NC,49.6000,100.7000,1.000,PTH
J1,J1,12,NC,47.0600,100.7000,1.000,PTH
J1,J1,13,NC,44.5200,100.7000,1.000,PTH
J1,J1,14,NC,41.9800,100.7000,1.000,PTH
J1,J1,15,LCD_BL,39.4400,100.7000,1.000,PTH
J1,J1,16,LCD_SCK,36.9000,100.7000,1.000,PTH
J1,J1,17,LCD_MOSI,34.3600,100.7000,1.000,PTH
J1,J1,18,LCD_DC,31.8200,100.7000,1.000,PTH
J1,J1,19,LCD_RST,29.2800,100.7000,1.000,PTH
J1,J1,20,LCD_CS,26.7400,100.7000,1.000,PTH
J1,J1,21,5V_SW,24.2000,100.7000,1.000,PTH
J1,J1,22,GND,21.6600,100.7000,1.000,PTH
J2,J2,1,GND,75.0000,75.3000,1.000,PTH
J2,J2,2,NC,72.4600,75.3000,1.000,PTH
J2,J2,3,NC,69.9200,75.3000,1.000,PTH
J2,J2,4,GPIO1,67.3800,75.3000,1.000,PTH
J2,J2,5,GPIO2,64.8400,75.3000,1.000,PTH
J2,J2,6,NC,62.3000,75.3000,1.000,PTH
J2,J2,7,AUDIO_DIN,59.7600,75.3000,1.000,PTH
J2,J2,8,I2S_BCLK,57.2200,75.3000,1.000,PTH
J2,J2,9,I2S_WS,54.6800,75.3000,1.000,PTH
J2,J2,10,NC,52.1400,75.3000,1.000,PTH
J2,J2,11,NC,49.6000,75.3000,1.000,PTH
J2,J2,12,NC,47.0600,75.3000,1.000,PTH
J2,J2,13,NC,44.5200,75.3000,1.000,PTH
J2,J2,14,NC,41.9800,75.3000,1.000,PTH
J2,J2,15,NC,39.4400,75.3000,1.000,PTH
J2,J2,16,NC,36.9000,75.3000,1.000,PTH
J2,J2,17,AMP_SD,34.3600,75.3000,1.000,PTH
J2,J2,18,AMP_GAIN,31.8200,75.3000,1.000,PTH
J2,J2,19,NC,29.2800,75.3000,1.000,PTH
J2,J2,20,NC,26.7400,75.3000,1.000,PTH
J2,J2,21,GND,24.2000,75.3000,1.000,PTH
J2,J2,22,GND,21.6600,75.3000,1.000,PTH
J3A,J3,1,3V3,45.3100,32.2900,1.000,PTH
J3A,J3,3,I2S_BCLK,45.3100,29.7500,1.000,PTH
J3A,J3,5,MIC_SD,45.3100,27.2100,1.000,PTH
J3B,J3,2,GND,37.6900,32.2900,1.000,PTH
J3B,J3,4,I2S_WS,37.6900,29.7500,1.000,PTH
J3B,J3,6,GND,37.6900,27.2100,1.000,PTH
J4,J4,1,I2S_WS,35.0000,68.0000,1.000,PTH
J4,J4,2,I2S_BCLK,35.0000,65.4600,1.000,PTH
J4,J4,3,AUDIO_DIN,35.0000,62.9200,1.000,PTH
J4,J4,4,AMP_GAIN,35.0000,60.3800,1.000,PTH
J4,J4,5,AMP_SD,35.0000,57.8400,1.000,PTH
J4,J4,6,GND,35.0000,55.3000,1.000,PTH
J4,J4,7,5V_SW,35.0000,52.7600,1.000,PTH
J5,J5,1,NC,58.0000,110.0000,1.000,PTH
J5,J5,2,NC,60.5400,110.0000,1.000,PTH
J5,J5,3,RTC_SDA,63.0800,110.0000,1.000,PTH
J5,J5,4,RTC_SCL,65.6200,110.0000,1.000,PTH
J5,J5,5,3V3,68.1600,110.0000,1.000,PTH
J5,J5,6,GND,70.7000,110.0000,1.000,PTH
J6,J6,1,3V3,18.0000,110.0000,1.000,PTH
J6,J6,2,GND,20.5400,110.0000,1.000,PTH
J6,J6,3,LCD_CS,23.0800,110.0000,1.000,PTH
J6,J6,4,LCD_RST,25.6200,110.0000,1.000,PTH
J6,J6,5,LCD_DC,28.1600,110.0000,1.000,PTH
J6,J6,6,LCD_MOSI,30.7000,110.0000,1.000,PTH
J6,J6,7,LCD_SCK,33.2400,110.0000,1.000,PTH
J6,J6,8,LCD_BL,35.7800,110.0000,1.000,PTH
J6,J6,9,NC,38.3200,110.0000,1.000,PTH
J6,J6,10,NC,40.8600,110.0000,1.000,PTH
J6,J6,11,NC,43.4000,110.0000,1.000,PTH
J6,J6,12,NC,45.9400,110.0000,1.000,PTH
J6,J6,13,NC,48.4800,110.0000,1.000,PTH
J6,J6,14,NC,51.0200,110.0000,1.000,PTH
J7,J7,1,5V_IN,83.0000,55.0000,1.500,PTH
J7,J7,2,5V_SW,83.0000,60.0800,1.500,PTH
J7,J7,3,GND,83.0000,65.1600,1.500,PTH
J8,J8,1,5V_IN,9.0000,67.5000,1.500,PTH
J8,J8,2,GND,9.0000,62.4200,1.500,PTH
J9,J9,1,USB_CC1,9.0000,55.0000,1.500,PTH
J9,J9,2,USB_CC2,9.0000,49.9200,1.500,PTH
JS1,JS1,M1,NC,22.0750,27.5000,1.500,PTH
JS1,JS1,M2,NC,22.0750,17.5000,1.500,PTH
JS1,JS1,M3,NC,9.4250,27.5000,1.500,PTH
JS1,JS1,M4,NC,9.4250,17.5000,1.500,PTH
JS1,JS1,SWA,NC,19.0000,32.7500,1.200,PTH
JS1,JS1,SWB,NC,19.0000,28.2500,1.200,PTH
JS1,JS1,SWC,NC,12.5000,32.7500,1.200,PTH
JS1,JS1,SWD,NC,12.5000,28.2500,1.200,PTH
JS1,JS1,X1,GND,7.0200,25.0000,1.000,PTH
JS1,JS1,X2,GPIO1,7.0200,22.5000,1.000,PTH
JS1,JS1,X3,3V3,7.0200,20.0000,1.000,PTH
JS1,JS1,Y1,GND,13.2500,13.7700,1.000,PTH
JS1,JS1,Y2,GPIO2,15.7500,13.7700,1.000,PTH
JS1,JS1,Y3,3V3,18.2500,13.7700,1.000,PTH
R1,R1,1,USB_CC1,21.4900,62.0000,0.000,SMD
R1,R1,2,GND,22.5100,62.0000,0.000,SMD
R2,R2,1,USB_CC2,21.4900,57.0000,0.000,SMD
R2,R2,2,GND,22.5100,57.0000,0.000,SMD
SW1,SW1,,NC,65.8500,30.5000,3.900,NPTH
SW1,SW1,1,BUTTON1,62.0400,33.0400,1.500,PTH
SW1,SW1,2,GND,68.3900,35.5800,1.500,PTH
SW2,SW2,,NC,84.9000,30.5000,3.900,NPTH
SW2,SW2,1,RECORD,81.0900,33.0400,1.500,PTH
SW2,SW2,2,GND,87.4400,35.5800,1.500,PTH
SW3,SW3,,NC,56.3250,11.4500,3.900,NPTH
SW3,SW3,1,BUTTON3,52.5150,13.9900,1.500,PTH
SW3,SW3,2,GND,58.8650,16.5300,1.500,PTH
SW4,SW4,,NC,75.3750,11.4500,3.900,NPTH
SW4,SW4,1,BUTTON4,71.5650,13.9900,1.500,PTH
SW4,SW4,2,GND,77.9150,16.5300,1.500,PTH
