Designator,Physical Pin,PCB Designator,PCB Pad,Net,Board X mm,Board Y mm,Quote X mm,Quote Y mm,Drill mm
J1,1,J1,1,3V3,74.800,66.000,69.800,49.000,1.000
J1,2,J1,2,3V3,74.800,63.460,69.800,51.540,1.000
J1,3,J1,3,NC,74.800,60.920,69.800,54.080,1.000
J1,4,J1,4,BUTTON1,74.800,58.380,69.800,56.620,1.000
J1,5,J1,5,RECORD,74.800,55.840,69.800,59.160,1.000
J1,6,J1,6,BUTTON3,74.800,53.300,69.800,61.700,1.000
J1,7,J1,7,AMP_SD,74.800,50.760,69.800,64.240,1.000
J1,8,J1,8,MIC_SD,74.800,48.220,69.800,66.780,1.000
J1,9,J1,9,GPIO16,74.800,45.680,69.800,69.320,1.000
J1,10,J1,10,GPIO17,74.800,43.140,69.800,71.860,1.000
J1,11,J1,11,GPIO18,74.800,40.600,69.800,74.400,1.000
J1,12,J1,12,AMP_GAIN,74.800,38.060,69.800,76.940,1.000
J1,13,J1,13,GPIO3,74.800,35.520,69.800,79.480,1.000
J1,14,J1,14,GPIO46,74.800,32.980,69.800,82.020,1.000
J1,15,J1,15,LCD_BL,74.800,30.440,69.800,84.560,1.000
J1,16,J1,16,LCD_SCK,74.800,27.900,69.800,87.100,1.000
J1,17,J1,17,LCD_MOSI,74.800,25.360,69.800,89.640,1.000
J1,18,J1,18,LCD_DC,74.800,22.820,69.800,92.180,1.000
J1,19,J1,19,LCD_RST,74.800,20.280,69.800,94.720,1.000
J1,20,J1,20,LCD_CS,74.800,17.740,69.800,97.260,1.000
J1,21,J1,21,5V_SW,74.800,15.200,69.800,99.800,1.000
J1,22,J1,22,GND,74.800,12.660,69.800,102.340,1.000
J2,1,J2,1,GND,49.400,66.000,44.400,49.000,1.000
J2,2,J2,2,GPIO43,49.400,63.460,44.400,51.540,1.000
J2,3,J2,3,GPIO44,49.400,60.920,44.400,54.080,1.000
J2,4,J2,4,GPIO1,49.400,58.380,44.400,56.620,1.000
J2,5,J2,5,GPIO2,49.400,55.840,44.400,59.160,1.000
J2,6,J2,6,GPIO42,49.400,53.300,44.400,61.700,1.000
J2,7,J2,7,AUDIO_DIN,49.400,50.760,44.400,64.240,1.000
J2,8,J2,8,I2S_BCLK,49.400,48.220,44.400,66.780,1.000
J2,9,J2,9,I2S_WS,49.400,45.680,44.400,69.320,1.000
J2,10,J2,10,GPIO38,49.400,43.140,44.400,71.860,1.000
J2,11,J2,11,NC,49.400,40.600,44.400,74.400,1.000
J2,12,J2,12,NC,49.400,38.060,44.400,76.940,1.000
J2,13,J2,13,NC,49.400,35.520,44.400,79.480,1.000
J2,14,J2,14,GPIO0,49.400,32.980,44.400,82.020,1.000
J2,15,J2,15,GPIO45,49.400,30.440,44.400,84.560,1.000
J2,16,J2,16,GPIO48,49.400,27.900,44.400,87.100,1.000
J2,17,J2,17,RTC_SDA,49.400,25.360,44.400,89.640,1.000
J2,18,J2,18,RTC_SCL,49.400,22.820,44.400,92.180,1.000
J2,19,J2,19,NC,49.400,20.280,44.400,94.720,1.000
J2,20,J2,20,NC,49.400,17.740,44.400,97.260,1.000
J2,21,J2,21,GND,49.400,15.200,44.400,99.800,1.000
J2,22,J2,22,GND,49.400,12.660,44.400,102.340,1.000
J3A,1,J3,1,3V3,50.000,100.000,45.000,15.000,1.000
J3A,2,J3,3,I2S_BCLK,50.000,102.540,45.000,12.460,1.000
J3A,3,J3,5,MIC_SD,50.000,105.080,45.000,9.920,1.000
J3B,1,J3,2,GND,42.380,100.000,37.380,15.000,1.000
J3B,2,J3,4,I2S_WS,42.380,102.540,37.380,12.460,1.000
J3B,3,J3,6,GND,42.380,105.080,37.380,9.920,1.000
J4,1,J4,1,I2S_WS,12.000,38.000,7.000,77.000,1.000
J4,2,J4,2,I2S_BCLK,12.000,40.540,7.000,74.460,1.000
J4,3,J4,3,AUDIO_DIN,12.000,43.080,7.000,71.920,1.000
J4,4,J4,4,AMP_GAIN,12.000,45.620,7.000,69.380,1.000
J4,5,J4,5,AMP_SD,12.000,48.160,7.000,66.840,1.000
J4,6,J4,6,GND,12.000,50.700,7.000,64.300,1.000
J4,7,J4,7,5V_SW,12.000,53.240,7.000,61.760,1.000
J5,1,J5,1,NC,16.000,12.000,11.000,103.000,1.000
J5,2,J5,2,NC,16.000,14.540,11.000,100.460,1.000
J5,3,J5,3,RTC_SDA,16.000,17.080,11.000,97.920,1.000
J5,4,J5,4,RTC_SCL,16.000,19.620,11.000,95.380,1.000
J5,5,J5,5,3V3,16.000,22.160,11.000,92.840,1.000
J5,6,J5,6,GND,16.000,24.700,11.000,90.300,1.000
J6,1,J6,1,3V3,96.000,14.000,91.000,101.000,1.000
J6,2,J6,2,GND,96.000,16.540,91.000,98.460,1.000
J6,3,J6,3,LCD_CS,96.000,19.080,91.000,95.920,1.000
J6,4,J6,4,LCD_RST,96.000,21.620,91.000,93.380,1.000
J6,5,J6,5,LCD_DC,96.000,24.160,91.000,90.840,1.000
J6,6,J6,6,LCD_MOSI,96.000,26.700,91.000,88.300,1.000
J6,7,J6,7,LCD_SCK,96.000,29.240,91.000,85.760,1.000
J6,8,J6,8,LCD_BL,96.000,31.780,91.000,83.220,1.000
J6,9,J6,9,NC,96.000,34.320,91.000,80.680,1.000
J6,10,J6,10,NC,96.000,36.860,91.000,78.140,1.000
J6,11,J6,11,NC,96.000,39.400,91.000,75.600,1.000
J6,12,J6,12,NC,96.000,41.940,91.000,73.060,1.000
J6,13,J6,13,NC,96.000,44.480,91.000,70.520,1.000
J6,14,J6,14,NC,96.000,47.020,91.000,67.980,1.000
J7,1,J7,1,5V_IN,96.000,55.500,91.000,59.500,1.300
J7,2,J7,2,5V_SW,96.000,60.580,91.000,54.420,1.300
J7,3,J7,3,GND,96.000,65.660,91.000,49.340,1.300
J8,1,J8,1,5V_IN,28.000,11.000,23.000,104.000,1.300
J8,2,J8,2,GND,33.080,11.000,28.080,104.000,1.300
J11,1,J11,1,BUTTON1,82.000,73.000,77.000,42.000,1.000
J11,2,J11,2,RECORD,84.540,73.000,79.540,42.000,1.000
J11,3,J11,3,BUTTON3,87.080,73.000,82.080,42.000,1.000
J11,4,J11,4,3V3,89.620,73.000,84.620,42.000,1.000
J11,5,J11,5,GND,92.160,73.000,87.160,42.000,1.000
J12,1,J12,1,GND,12.000,73.000,7.000,42.000,1.000
J12,2,J12,2,3V3,14.540,73.000,9.540,42.000,1.000
J12,3,J12,3,GPIO1,17.080,73.000,12.080,42.000,1.000
J12,4,J12,4,GPIO2,19.620,73.000,14.620,42.000,1.000
J12,5,J12,5,GPIO42,22.160,73.000,17.160,42.000,1.000
