Designator,Mid X,Mid Y,Layer,Rotation
J1,48.330000,100.700000,Top,180.00
J2,48.330000,75.300000,Top,180.00
J3A,43.265000,29.750000,Top,270.00
J3B,35.645000,29.750000,Top,270.00
J4,35.000000,60.380000,Top,270.00
J5,64.350000,110.000000,Top,0.00
J6,34.510000,110.000000,Top,0.00
J7,83.000000,60.080000,Top,90.00
J8,6.500000,68.900000,Top,270.00
J9,6.500000,56.400000,Top,270.00
JS1,10.605949,25.260001,Top,270.00
R1,22.000000,62.000000,Top,0.00
R2,22.000000,57.000000,Top,0.00
SW1,65.215000,34.310000,Top,0.00
SW2,84.264999,34.310000,Top,0.00
SW3,57.114999,15.260000,Top,0.00
SW4,76.165000,15.260000,Top,0.00
