Designator,Mid X,Mid Y,Layer,Rotation,Process
J1,48.3300,100.7000,Top,270.00,THT
J2,48.3300,75.3000,Top,270.00,THT
J3A,47.3100,32.2500,Top,0.00,THT
J3B,39.6900,32.2500,Top,0.00,THT
J4,35.0000,60.3800,Top,0.00,THT
J5,64.3500,110.0000,Top,90.00,THT
J6,34.5100,110.0000,Top,90.00,THT
J7,83.0000,60.0800,Top,90.00,THT
J8,9.0000,63.9600,Top,270.00,THT
J9,9.0000,51.4600,Top,270.00,THT
JS1,15.1293,27.4150,Top,270.00,THT
R1,22.0000,62.0000,Top,0.00,SMT
R2,22.0000,57.0000,Top,0.00,SMT
SW1,63.6150,34.3100,Top,0.00,THT
SW2,82.6650,34.3100,Top,0.00,THT
SW3,54.0900,15.2600,Top,0.00,THT
SW4,73.1400,15.2600,Top,0.00,THT
